modelo_datos,validacion,clasificador,fold,fold_id,n_train,n_test,estaciones_train,estaciones_test,clases_train,clases_test,clases_ausentes_train,clases_ausentes_test,accuracy,f1_macro,f1_weighted,tiempo_entrenamiento_segundos,tiempo_inferencia_segundos,tiempo_total_segundos,epocas_ejecutadas,early_stopping_detencion
a,aleatoria,red_densa,1,0E7D06E09C849E3E7D038CC6C24C97039EA40C4BD83B39C43E5D241ACC438BDB,872,219,40,40,5,5,,,0.7990867579908676,0.7940788267258855,0.799927880568493,6.220661299999847,0.11816229999931238,6.338823599999159,60.0,False
a,aleatoria,random_forest,1,0E7D06E09C849E3E7D038CC6C24C97039EA40C4BD83B39C43E5D241ACC438BDB,872,219,40,40,5,5,,,0.9223744292237442,0.9267140450569474,0.9238729680001988,0.49262799999996787,0.06882980000045791,0.5614578000004258,,
a,aleatoria,red_densa,2,A6A09E51DC076A6B091204CC8F1770EF41CCBEE01A3850BA9762250C2A5D0C64,873,218,41,37,5,5,,,0.8165137614678899,0.8235891368519683,0.8125118023745124,6.08485280000059,0.1198076000000583,6.204660400000648,60.0,False
a,aleatoria,random_forest,2,A6A09E51DC076A6B091204CC8F1770EF41CCBEE01A3850BA9762250C2A5D0C64,873,218,41,37,5,5,,,0.8577981651376146,0.845665157735902,0.8548524824599274,0.49777329999960784,0.06887550000010378,0.5666487999997116,,
a,aleatoria,red_densa,3,4184DC754637AA6B520B6387DBC9DA193485E8C5CF81F27B4071BE250A35F49A,873,218,41,36,5,5,,,0.8119266055045872,0.7919781834850327,0.8058084691175053,6.340863899999931,0.11927539999942383,6.460139299999355,60.0,False
a,aleatoria,random_forest,3,4184DC754637AA6B520B6387DBC9DA193485E8C5CF81F27B4071BE250A35F49A,873,218,41,36,5,5,,,0.8807339449541285,0.8705578464870202,0.8794081300280712,0.490972900000088,0.0706796000004033,0.5616525000004913,,
a,aleatoria,red_densa,4,EF3142E1C3D5633D0273DAD5353BDEBB3BEB7A8A150362E1C6121A4DCAEDD8DC,873,218,41,39,5,5,,,0.8256880733944955,0.8219939902199256,0.8248651306963092,5.926512299999558,0.116234600000098,6.042746899999656,56.0,True
a,aleatoria,random_forest,4,EF3142E1C3D5633D0273DAD5353BDEBB3BEB7A8A150362E1C6121A4DCAEDD8DC,873,218,41,39,5,5,,,0.9495412844036697,0.9501714231988279,0.949741276386509,0.5060553999992408,0.0693634999997812,0.575418899999022,,
a,aleatoria,red_densa,5,BFFB1ECA744313DF4B7209EDDD3ABCC5FA725D7415841FE4983C80C0FF326DB2,873,218,41,38,5,5,,,0.7752293577981652,0.7705431835848414,0.7758958411831073,6.130384800000684,0.11978969999927358,6.250174499999957,60.0,False
a,aleatoria,random_forest,5,BFFB1ECA744313DF4B7209EDDD3ABCC5FA725D7415841FE4983C80C0FF326DB2,873,218,41,38,5,5,,,0.8944954128440367,0.8836196166745367,0.8930978917621581,0.5108872000000702,0.06982019999941258,0.5807073999994827,,
a,por_estacion,red_densa,1,163C6D8E0B60998D85913BE660B3C8902B3910C0D46035C4F45C964DF5BECDD7,923,168,34,7,5,4,,Floración,0.8273809523809523,0.658664303376984,0.8225161539172087,6.377677299999959,0.11587330000020302,6.493550600000162,60.0,False
a,por_estacion,random_forest,1,163C6D8E0B60998D85913BE660B3C8902B3910C0D46035C4F45C964DF5BECDD7,923,168,34,7,5,4,,Floración,0.9702380952380952,0.7762014577718503,0.9699958058297644,0.49318510000011884,0.06223610000051849,0.5554212000006373,,
a,por_estacion,red_densa,2,D68F9653A4F5581A001076994EB5E45EE05AAEB980F4B6C4A7DD4BAFC479388A,870,221,32,9,5,4,,Floración,0.8733031674208145,0.6920625686997368,0.8757677192466765,5.412321200000406,0.11375060000045778,5.526071800000864,52.0,True
a,por_estacion,random_forest,2,D68F9653A4F5581A001076994EB5E45EE05AAEB980F4B6C4A7DD4BAFC479388A,870,221,32,9,5,4,,Floración,0.9502262443438914,0.7571089663998605,0.950583374195511,0.4852262000003975,0.06975400000010268,0.5549802000005002,,
a,por_estacion,red_densa,3,C1943284B80E3EF7ABAC6BEC7FC47C5A885D92313C9E42E541009A614B79BAF0,739,352,32,9,5,5,,,0.7159090909090909,0.6777353804313085,0.7233067509786177,5.67957750000005,0.09107729999959702,5.770654799999647,60.0,False
a,por_estacion,random_forest,3,C1943284B80E3EF7ABAC6BEC7FC47C5A885D92313C9E42E541009A614B79BAF0,739,352,32,9,5,5,,,0.7471590909090909,0.7016747910051612,0.7399301849834417,0.493594700000358,0.06063559999984136,0.5542303000001993,,
a,por_estacion,red_densa,4,C4BAE8BB30D547C108AA870A131D36ED0DA42EDE9E047F58606C079FADB5117F,975,116,34,7,5,4,,Floración,0.5431034482758621,0.4054838709677419,0.5272385984427141,6.4006116000000475,0.1117285999998785,6.512340199999926,60.0,False
a,por_estacion,random_forest,4,C4BAE8BB30D547C108AA870A131D36ED0DA42EDE9E047F58606C079FADB5117F,975,116,34,7,5,4,,Floración,0.646551724137931,0.5341385614813086,0.672835320582211,0.49119100000007165,0.06028800000058254,0.5514790000006542,,
a,por_estacion,red_densa,5,F6C030BFCD52CA4141027C6B42572E417E6212FDFDDF005FB3E547FBF948A63C,857,234,32,9,5,5,,,0.7863247863247863,0.7740257890248664,0.7869428299078609,6.139645700000074,0.1148548999999548,6.2545006000000285,60.0,False
a,por_estacion,random_forest,5,F6C030BFCD52CA4141027C6B42572E417E6212FDFDDF005FB3E547FBF948A63C,857,234,32,9,5,5,,,0.8589743589743589,0.833051659254191,0.860585220078891,0.5011771999998018,0.06898739999996906,0.5701645999997709,,
aprima,aleatoria,red_densa,1,2A16235335FC6E4578970F1A36436FE0735D6B24B1A1D4A01FCD599EABE48D35,525,132,37,34,5,5,,,0.7348484848484849,0.7254464762311459,0.7318703205860246,4.3255583000000115,0.12054729999999836,4.44610560000001,50.0,True
aprima,aleatoria,random_forest,1,2A16235335FC6E4578970F1A36436FE0735D6B24B1A1D4A01FCD599EABE48D35,525,132,37,34,5,5,,,0.9166666666666666,0.8935672986419254,0.9174710861278026,0.5193150000004607,0.06911620000028051,0.5884312000007412,,
aprima,aleatoria,red_densa,2,5E37846F90A7538F65B130FC79FBB60117BF43FED6E3A6ECC03BC3EA1C047424,525,132,38,31,5,5,,,0.7424242424242424,0.7313703838530923,0.7339926537551218,4.4111487000000125,0.11299800000051619,4.524146700000529,52.0,True
aprima,aleatoria,random_forest,2,5E37846F90A7538F65B130FC79FBB60117BF43FED6E3A6ECC03BC3EA1C047424,525,132,38,31,5,5,,,0.8712121212121212,0.8743537923798375,0.8700255905928248,0.495302599999377,0.05991059999996651,0.5552131999993435,,
aprima,aleatoria,red_densa,3,57F4B12E5633246B59F3B1AFC161288B23259831EB732E141BA8C17421A286A5,526,131,37,36,5,5,,,0.8091603053435115,0.8055950400102267,0.8099008090500356,4.914264999999432,0.11668180000015127,5.030946799999583,60.0,False
aprima,aleatoria,random_forest,3,57F4B12E5633246B59F3B1AFC161288B23259831EB732E141BA8C17421A286A5,526,131,37,36,5,5,,,0.8931297709923665,0.8836851136941244,0.8942693168802976,0.502764500000012,0.06349039999986417,0.5662548999998762,,
aprima,aleatoria,red_densa,4,1ADF9116676B66BEE01A1F5DF24C8B91AA03B03E0F1220921E3894782A55A57E,526,131,38,33,5,5,,,0.8549618320610687,0.8530255709203077,0.852311074488656,5.087236000000303,0.1131678000001557,5.200403800000458,60.0,False
aprima,aleatoria,random_forest,4,1ADF9116676B66BEE01A1F5DF24C8B91AA03B03E0F1220921E3894782A55A57E,526,131,38,33,5,5,,,0.9389312977099237,0.9153410436992526,0.9375728015354312,0.48244809999960125,0.061429299999872455,0.5438773999994737,,
aprima,aleatoria,red_densa,5,B268CDE4E48DC3B5DFAE0303AEF90B1F5E84FE2F14345EA4ADEAE37EFFEC974F,526,131,38,33,5,5,,,0.7786259541984732,0.7695475769664528,0.7697289960050517,4.14215779999995,0.11013560000083089,4.252293400000781,49.0,True
aprima,aleatoria,random_forest,5,B268CDE4E48DC3B5DFAE0303AEF90B1F5E84FE2F14345EA4ADEAE37EFFEC974F,526,131,38,33,5,5,,,0.9541984732824428,0.9482694383771435,0.9546630697904754,0.4848511000000144,0.05874439999934111,0.5435954999993555,,
aprima,por_estacion,red_densa,1,8149DBC10B363D51E4970448133FC4325E6C81674F5B338D6510B60A425BF6D5,421,236,31,7,4,5,Floración,,0.6059322033898306,0.5220923782519098,0.546218014019115,4.542213700000502,0.11589780000031169,4.658111500000814,60.0,False
aprima,por_estacion,random_forest,1,8149DBC10B363D51E4970448133FC4325E6C81674F5B338D6510B60A425BF6D5,421,236,31,7,4,5,Floración,,0.614406779661017,0.5529458965004881,0.5563409031381575,0.469275700000253,0.058624199999940174,0.5278999000001932,,
aprima,por_estacion,red_densa,2,33CD5F705F7E9DFF97A578705CFACC1730B712D4FF357FF7C188384E7825D08E,557,100,31,7,5,4,,Floración,0.69,0.5287813620071684,0.6716469534050179,3.909620000000359,0.10951889999978448,4.019138900000144,44.0,True
aprima,por_estacion,random_forest,2,33CD5F705F7E9DFF97A578705CFACC1730B712D4FF357FF7C188384E7825D08E,557,100,31,7,5,4,,Floración,0.95,0.7592708638932895,0.9499766081871346,0.48367570000027627,0.06138280000050145,0.5450585000007777,,
aprima,por_estacion,red_densa,3,508B03E769684B1A2989E27D136EA599A100F976C46CEA79B435CAB743FA536D,563,94,30,8,5,4,,Floración,0.851063829787234,0.669515503875969,0.8498319726208148,4.875244500000008,0.11104259999956412,4.986287099999572,55.0,True
aprima,por_estacion,random_forest,3,508B03E769684B1A2989E27D136EA599A100F976C46CEA79B435CAB743FA536D,563,94,30,8,5,4,,Floración,0.9148936170212766,0.726839826839827,0.9141797918393663,0.4976688999995531,0.060426400000324065,0.5580952999998772,,
aprima,por_estacion,red_densa,4,44DEC11A6362FB6EA7CFEC44A3BD7DC6E71B4D1537E051BFA86089E5694E09E1,546,111,29,9,5,4,,Floración,0.6846846846846847,0.5341677096370463,0.6940024236645012,5.084242500000073,0.11373800000001211,5.197980500000085,60.0,False
aprima,por_estacion,random_forest,4,44DEC11A6362FB6EA7CFEC44A3BD7DC6E71B4D1537E051BFA86089E5694E09E1,546,111,29,9,5,4,,Floración,0.9459459459459459,0.7557250753299385,0.9505559224404209,0.48682479999934003,0.0602180000005319,0.5470427999998719,,
aprima,por_estacion,red_densa,5,63B1563304B5AA3AC397E0CA5BA09D04F13725CC8D6383FF0C03ECAC54BF7896,541,116,31,7,5,4,,Floración,0.7586206896551724,0.5959607959607959,0.7680299663058283,4.946742000000086,0.11164080000071408,5.0583828000008,60.0,False
aprima,por_estacion,random_forest,5,63B1563304B5AA3AC397E0CA5BA09D04F13725CC8D6383FF0C03ECAC54BF7896,541,116,31,7,5,4,,Floración,0.9310344827586207,0.7492960044684183,0.9388753416696344,0.48591620000024704,0.05936199999996461,0.5452782000002117,,
b,aleatoria,red_densa,1,2A16235335FC6E4578970F1A36436FE0735D6B24B1A1D4A01FCD599EABE48D35,525,132,37,34,5,5,,,0.7196969696969697,0.7122293870268892,0.7164631146433109,4.902542600000743,0.11214399999971647,5.014686600000459,60.0,False
b,aleatoria,random_forest,1,2A16235335FC6E4578970F1A36436FE0735D6B24B1A1D4A01FCD599EABE48D35,525,132,37,34,5,5,,,0.8939393939393939,0.8808064697646445,0.893713991483203,0.4871335999996518,0.059249500000078115,0.5463830999997299,,
b,aleatoria,red_densa,2,5E37846F90A7538F65B130FC79FBB60117BF43FED6E3A6ECC03BC3EA1C047424,525,132,38,31,5,5,,,0.7272727272727273,0.7270174199623353,0.7229414555156081,4.293914300000324,0.11607550000007905,4.409989800000403,51.0,True
b,aleatoria,random_forest,2,5E37846F90A7538F65B130FC79FBB60117BF43FED6E3A6ECC03BC3EA1C047424,525,132,38,31,5,5,,,0.8636363636363636,0.8659301865048139,0.8613910266858812,0.5035249000002295,0.06008980000024167,0.5636147000004712,,
b,aleatoria,red_densa,3,57F4B12E5633246B59F3B1AFC161288B23259831EB732E141BA8C17421A286A5,526,131,37,36,5,5,,,0.8091603053435115,0.8047456631113746,0.8092202681257806,4.8436482000006436,0.11115260000042326,4.954800800001067,60.0,False
b,aleatoria,random_forest,3,57F4B12E5633246B59F3B1AFC161288B23259831EB732E141BA8C17421A286A5,526,131,37,36,5,5,,,0.916030534351145,0.9127991124055196,0.9167499792234712,0.4844459999994797,0.07022340000003169,0.5546693999995114,,
b,aleatoria,red_densa,4,1ADF9116676B66BEE01A1F5DF24C8B91AA03B03E0F1220921E3894782A55A57E,526,131,38,33,5,5,,,0.816793893129771,0.8199328257948947,0.8138619869206866,4.5645063000001755,0.11065610000059678,4.675162400000772,55.0,True
b,aleatoria,random_forest,4,1ADF9116676B66BEE01A1F5DF24C8B91AA03B03E0F1220921E3894782A55A57E,526,131,38,33,5,5,,,0.9389312977099237,0.9343000188217578,0.9373743503979147,0.48324139999931504,0.06076859999939188,0.5440099999987069,,
b,aleatoria,red_densa,5,B268CDE4E48DC3B5DFAE0303AEF90B1F5E84FE2F14345EA4ADEAE37EFFEC974F,526,131,38,33,5,5,,,0.7786259541984732,0.7742014568193057,0.7736212342748929,4.822944099999404,0.11216510000031121,4.935109199999715,60.0,False
b,aleatoria,random_forest,5,B268CDE4E48DC3B5DFAE0303AEF90B1F5E84FE2F14345EA4ADEAE37EFFEC974F,526,131,38,33,5,5,,,0.9541984732824428,0.9528927180530606,0.9538709287946396,0.4922423999996681,0.06042479999996431,0.5526671999996324,,
b,por_estacion,red_densa,1,8149DBC10B363D51E4970448133FC4325E6C81674F5B338D6510B60A425BF6D5,421,236,31,7,4,5,Floración,,0.538135593220339,0.45495130514063786,0.470521097710722,4.660264000000097,0.12046620000000985,4.780730200000107,60.0,False
b,por_estacion,random_forest,1,8149DBC10B363D51E4970448133FC4325E6C81674F5B338D6510B60A425BF6D5,421,236,31,7,4,5,Floración,,0.5847457627118644,0.530388770334324,0.5259625779031943,0.4749555999997028,0.06449700000030134,0.5394526000000042,,
b,por_estacion,red_densa,2,33CD5F705F7E9DFF97A578705CFACC1730B712D4FF357FF7C188384E7825D08E,557,100,31,7,5,4,,Floración,0.69,0.5287813620071684,0.6716469534050179,5.070776300000034,0.11036860000058368,5.181144900000618,60.0,False
b,por_estacion,random_forest,2,33CD5F705F7E9DFF97A578705CFACC1730B712D4FF357FF7C188384E7825D08E,557,100,31,7,5,4,,Floración,0.93,0.7433824080867367,0.9295656313687126,0.4918654000002789,0.060461799999757204,0.5523272000000361,,
b,por_estacion,red_densa,3,508B03E769684B1A2989E27D136EA599A100F976C46CEA79B435CAB743FA536D,563,94,30,8,5,4,,Floración,0.7659574468085106,0.595979343905894,0.768305208317606,4.130221699999311,0.10874409999996715,4.238965799999278,46.0,True
b,por_estacion,random_forest,3,508B03E769684B1A2989E27D136EA599A100F976C46CEA79B435CAB743FA536D,563,94,30,8,5,4,,Floración,0.9148936170212766,0.726839826839827,0.9141797918393663,0.47943779999968683,0.05021579999993264,0.5296535999996195,,
b,por_estacion,red_densa,4,44DEC11A6362FB6EA7CFEC44A3BD7DC6E71B4D1537E051BFA86089E5694E09E1,546,111,29,9,5,4,,Floración,0.7027027027027027,0.5496336996336997,0.7107794607794607,5.012491200000113,0.10991399999966234,5.1224051999997755,60.0,False
b,por_estacion,random_forest,4,44DEC11A6362FB6EA7CFEC44A3BD7DC6E71B4D1537E051BFA86089E5694E09E1,546,111,29,9,5,4,,Floración,0.918918918918919,0.7336908212560386,0.9213835574705139,0.4877340000002732,0.06154160000005504,0.5492756000003283,,
b,por_estacion,red_densa,5,63B1563304B5AA3AC397E0CA5BA09D04F13725CC8D6383FF0C03ECAC54BF7896,541,116,31,7,5,4,,Floración,0.7586206896551724,0.6030066913106545,0.7727871963134058,4.954441799999586,0.11117099999955826,5.065612799999144,60.0,False
b,por_estacion,random_forest,5,63B1563304B5AA3AC397E0CA5BA09D04F13725CC8D6383FF0C03ECAC54BF7896,541,116,31,7,5,4,,Floración,0.9137931034482759,0.725034945086293,0.9163043050575697,0.49227739999969344,0.05930220000027475,0.5515795999999682,,
