modelo_datos,validacion,clasificador,fold,fold_id,n_train,n_test,tiempo_entrenamiento_segundos,tiempo_inferencia_segundos,tiempo_total_segundos
a,aleatoria,red_densa,1,0E7D06E09C849E3E7D038CC6C24C97039EA40C4BD83B39C43E5D241ACC438BDB,872,219,6.220661299999847,0.11816229999931238,6.338823599999159
a,aleatoria,random_forest,1,0E7D06E09C849E3E7D038CC6C24C97039EA40C4BD83B39C43E5D241ACC438BDB,872,219,0.49262799999996787,0.06882980000045791,0.5614578000004258
a,aleatoria,red_densa,2,A6A09E51DC076A6B091204CC8F1770EF41CCBEE01A3850BA9762250C2A5D0C64,873,218,6.08485280000059,0.1198076000000583,6.204660400000648
a,aleatoria,random_forest,2,A6A09E51DC076A6B091204CC8F1770EF41CCBEE01A3850BA9762250C2A5D0C64,873,218,0.49777329999960784,0.06887550000010378,0.5666487999997116
a,aleatoria,red_densa,3,4184DC754637AA6B520B6387DBC9DA193485E8C5CF81F27B4071BE250A35F49A,873,218,6.340863899999931,0.11927539999942383,6.460139299999355
a,aleatoria,random_forest,3,4184DC754637AA6B520B6387DBC9DA193485E8C5CF81F27B4071BE250A35F49A,873,218,0.490972900000088,0.0706796000004033,0.5616525000004913
a,aleatoria,red_densa,4,EF3142E1C3D5633D0273DAD5353BDEBB3BEB7A8A150362E1C6121A4DCAEDD8DC,873,218,5.926512299999558,0.116234600000098,6.042746899999656
a,aleatoria,random_forest,4,EF3142E1C3D5633D0273DAD5353BDEBB3BEB7A8A150362E1C6121A4DCAEDD8DC,873,218,0.5060553999992408,0.0693634999997812,0.575418899999022
a,aleatoria,red_densa,5,BFFB1ECA744313DF4B7209EDDD3ABCC5FA725D7415841FE4983C80C0FF326DB2,873,218,6.130384800000684,0.11978969999927358,6.250174499999957
a,aleatoria,random_forest,5,BFFB1ECA744313DF4B7209EDDD3ABCC5FA725D7415841FE4983C80C0FF326DB2,873,218,0.5108872000000702,0.06982019999941258,0.5807073999994827
a,por_estacion,red_densa,1,163C6D8E0B60998D85913BE660B3C8902B3910C0D46035C4F45C964DF5BECDD7,923,168,6.377677299999959,0.11587330000020302,6.493550600000162
a,por_estacion,random_forest,1,163C6D8E0B60998D85913BE660B3C8902B3910C0D46035C4F45C964DF5BECDD7,923,168,0.49318510000011884,0.06223610000051849,0.5554212000006373
a,por_estacion,red_densa,2,D68F9653A4F5581A001076994EB5E45EE05AAEB980F4B6C4A7DD4BAFC479388A,870,221,5.412321200000406,0.11375060000045778,5.526071800000864
a,por_estacion,random_forest,2,D68F9653A4F5581A001076994EB5E45EE05AAEB980F4B6C4A7DD4BAFC479388A,870,221,0.4852262000003975,0.06975400000010268,0.5549802000005002
a,por_estacion,red_densa,3,C1943284B80E3EF7ABAC6BEC7FC47C5A885D92313C9E42E541009A614B79BAF0,739,352,5.67957750000005,0.09107729999959702,5.770654799999647
a,por_estacion,random_forest,3,C1943284B80E3EF7ABAC6BEC7FC47C5A885D92313C9E42E541009A614B79BAF0,739,352,0.493594700000358,0.06063559999984136,0.5542303000001993
a,por_estacion,red_densa,4,C4BAE8BB30D547C108AA870A131D36ED0DA42EDE9E047F58606C079FADB5117F,975,116,6.4006116000000475,0.1117285999998785,6.512340199999926
a,por_estacion,random_forest,4,C4BAE8BB30D547C108AA870A131D36ED0DA42EDE9E047F58606C079FADB5117F,975,116,0.49119100000007165,0.06028800000058254,0.5514790000006542
a,por_estacion,red_densa,5,F6C030BFCD52CA4141027C6B42572E417E6212FDFDDF005FB3E547FBF948A63C,857,234,6.139645700000074,0.1148548999999548,6.2545006000000285
a,por_estacion,random_forest,5,F6C030BFCD52CA4141027C6B42572E417E6212FDFDDF005FB3E547FBF948A63C,857,234,0.5011771999998018,0.06898739999996906,0.5701645999997709
aprima,aleatoria,red_densa,1,2A16235335FC6E4578970F1A36436FE0735D6B24B1A1D4A01FCD599EABE48D35,525,132,4.3255583000000115,0.12054729999999836,4.44610560000001
aprima,aleatoria,random_forest,1,2A16235335FC6E4578970F1A36436FE0735D6B24B1A1D4A01FCD599EABE48D35,525,132,0.5193150000004607,0.06911620000028051,0.5884312000007412
aprima,aleatoria,red_densa,2,5E37846F90A7538F65B130FC79FBB60117BF43FED6E3A6ECC03BC3EA1C047424,525,132,4.4111487000000125,0.11299800000051619,4.524146700000529
aprima,aleatoria,random_forest,2,5E37846F90A7538F65B130FC79FBB60117BF43FED6E3A6ECC03BC3EA1C047424,525,132,0.495302599999377,0.05991059999996651,0.5552131999993435
aprima,aleatoria,red_densa,3,57F4B12E5633246B59F3B1AFC161288B23259831EB732E141BA8C17421A286A5,526,131,4.914264999999432,0.11668180000015127,5.030946799999583
aprima,aleatoria,random_forest,3,57F4B12E5633246B59F3B1AFC161288B23259831EB732E141BA8C17421A286A5,526,131,0.502764500000012,0.06349039999986417,0.5662548999998762
aprima,aleatoria,red_densa,4,1ADF9116676B66BEE01A1F5DF24C8B91AA03B03E0F1220921E3894782A55A57E,526,131,5.087236000000303,0.1131678000001557,5.200403800000458
aprima,aleatoria,random_forest,4,1ADF9116676B66BEE01A1F5DF24C8B91AA03B03E0F1220921E3894782A55A57E,526,131,0.48244809999960125,0.061429299999872455,0.5438773999994737
aprima,aleatoria,red_densa,5,B268CDE4E48DC3B5DFAE0303AEF90B1F5E84FE2F14345EA4ADEAE37EFFEC974F,526,131,4.14215779999995,0.11013560000083089,4.252293400000781
aprima,aleatoria,random_forest,5,B268CDE4E48DC3B5DFAE0303AEF90B1F5E84FE2F14345EA4ADEAE37EFFEC974F,526,131,0.4848511000000144,0.05874439999934111,0.5435954999993555
aprima,por_estacion,red_densa,1,8149DBC10B363D51E4970448133FC4325E6C81674F5B338D6510B60A425BF6D5,421,236,4.542213700000502,0.11589780000031169,4.658111500000814
aprima,por_estacion,random_forest,1,8149DBC10B363D51E4970448133FC4325E6C81674F5B338D6510B60A425BF6D5,421,236,0.469275700000253,0.058624199999940174,0.5278999000001932
aprima,por_estacion,red_densa,2,33CD5F705F7E9DFF97A578705CFACC1730B712D4FF357FF7C188384E7825D08E,557,100,3.909620000000359,0.10951889999978448,4.019138900000144
aprima,por_estacion,random_forest,2,33CD5F705F7E9DFF97A578705CFACC1730B712D4FF357FF7C188384E7825D08E,557,100,0.48367570000027627,0.06138280000050145,0.5450585000007777
aprima,por_estacion,red_densa,3,508B03E769684B1A2989E27D136EA599A100F976C46CEA79B435CAB743FA536D,563,94,4.875244500000008,0.11104259999956412,4.986287099999572
aprima,por_estacion,random_forest,3,508B03E769684B1A2989E27D136EA599A100F976C46CEA79B435CAB743FA536D,563,94,0.4976688999995531,0.060426400000324065,0.5580952999998772
aprima,por_estacion,red_densa,4,44DEC11A6362FB6EA7CFEC44A3BD7DC6E71B4D1537E051BFA86089E5694E09E1,546,111,5.084242500000073,0.11373800000001211,5.197980500000085
aprima,por_estacion,random_forest,4,44DEC11A6362FB6EA7CFEC44A3BD7DC6E71B4D1537E051BFA86089E5694E09E1,546,111,0.48682479999934003,0.0602180000005319,0.5470427999998719
aprima,por_estacion,red_densa,5,63B1563304B5AA3AC397E0CA5BA09D04F13725CC8D6383FF0C03ECAC54BF7896,541,116,4.946742000000086,0.11164080000071408,5.0583828000008
aprima,por_estacion,random_forest,5,63B1563304B5AA3AC397E0CA5BA09D04F13725CC8D6383FF0C03ECAC54BF7896,541,116,0.48591620000024704,0.05936199999996461,0.5452782000002117
b,aleatoria,red_densa,1,2A16235335FC6E4578970F1A36436FE0735D6B24B1A1D4A01FCD599EABE48D35,525,132,4.902542600000743,0.11214399999971647,5.014686600000459
b,aleatoria,random_forest,1,2A16235335FC6E4578970F1A36436FE0735D6B24B1A1D4A01FCD599EABE48D35,525,132,0.4871335999996518,0.059249500000078115,0.5463830999997299
b,aleatoria,red_densa,2,5E37846F90A7538F65B130FC79FBB60117BF43FED6E3A6ECC03BC3EA1C047424,525,132,4.293914300000324,0.11607550000007905,4.409989800000403
b,aleatoria,random_forest,2,5E37846F90A7538F65B130FC79FBB60117BF43FED6E3A6ECC03BC3EA1C047424,525,132,0.5035249000002295,0.06008980000024167,0.5636147000004712
b,aleatoria,red_densa,3,57F4B12E5633246B59F3B1AFC161288B23259831EB732E141BA8C17421A286A5,526,131,4.8436482000006436,0.11115260000042326,4.954800800001067
b,aleatoria,random_forest,3,57F4B12E5633246B59F3B1AFC161288B23259831EB732E141BA8C17421A286A5,526,131,0.4844459999994797,0.07022340000003169,0.5546693999995114
b,aleatoria,red_densa,4,1ADF9116676B66BEE01A1F5DF24C8B91AA03B03E0F1220921E3894782A55A57E,526,131,4.5645063000001755,0.11065610000059678,4.675162400000772
b,aleatoria,random_forest,4,1ADF9116676B66BEE01A1F5DF24C8B91AA03B03E0F1220921E3894782A55A57E,526,131,0.48324139999931504,0.06076859999939188,0.5440099999987069
b,aleatoria,red_densa,5,B268CDE4E48DC3B5DFAE0303AEF90B1F5E84FE2F14345EA4ADEAE37EFFEC974F,526,131,4.822944099999404,0.11216510000031121,4.935109199999715
b,aleatoria,random_forest,5,B268CDE4E48DC3B5DFAE0303AEF90B1F5E84FE2F14345EA4ADEAE37EFFEC974F,526,131,0.4922423999996681,0.06042479999996431,0.5526671999996324
b,por_estacion,red_densa,1,8149DBC10B363D51E4970448133FC4325E6C81674F5B338D6510B60A425BF6D5,421,236,4.660264000000097,0.12046620000000985,4.780730200000107
b,por_estacion,random_forest,1,8149DBC10B363D51E4970448133FC4325E6C81674F5B338D6510B60A425BF6D5,421,236,0.4749555999997028,0.06449700000030134,0.5394526000000042
b,por_estacion,red_densa,2,33CD5F705F7E9DFF97A578705CFACC1730B712D4FF357FF7C188384E7825D08E,557,100,5.070776300000034,0.11036860000058368,5.181144900000618
b,por_estacion,random_forest,2,33CD5F705F7E9DFF97A578705CFACC1730B712D4FF357FF7C188384E7825D08E,557,100,0.4918654000002789,0.060461799999757204,0.5523272000000361
b,por_estacion,red_densa,3,508B03E769684B1A2989E27D136EA599A100F976C46CEA79B435CAB743FA536D,563,94,4.130221699999311,0.10874409999996715,4.238965799999278
b,por_estacion,random_forest,3,508B03E769684B1A2989E27D136EA599A100F976C46CEA79B435CAB743FA536D,563,94,0.47943779999968683,0.05021579999993264,0.5296535999996195
b,por_estacion,red_densa,4,44DEC11A6362FB6EA7CFEC44A3BD7DC6E71B4D1537E051BFA86089E5694E09E1,546,111,5.012491200000113,0.10991399999966234,5.1224051999997755
b,por_estacion,random_forest,4,44DEC11A6362FB6EA7CFEC44A3BD7DC6E71B4D1537E051BFA86089E5694E09E1,546,111,0.4877340000002732,0.06154160000005504,0.5492756000003283
b,por_estacion,red_densa,5,63B1563304B5AA3AC397E0CA5BA09D04F13725CC8D6383FF0C03ECAC54BF7896,541,116,4.954441799999586,0.11117099999955826,5.065612799999144
b,por_estacion,random_forest,5,63B1563304B5AA3AC397E0CA5BA09D04F13725CC8D6383FF0C03ECAC54BF7896,541,116,0.49227739999969344,0.05930220000027475,0.5515795999999682
